data;horario;n_da_ocorrencia;tipo_de_ocorrencia;km;trecho;sentido;tipo_de_acidente;automovel;bicicleta;caminhao;moto;onibus;outros;tracao_animal;transporte_de_cargas_especiais;trator_maquinas;utilitarios;ilesos;levemente_feridos;moderadamente_feridos;gravemente_feridos;mortos
"05/01/2026";"07:36:22";"598";"Sem vítima";"89,000";"BR-040/RJ";"Crescente";"Choque";1;0;0;0;0;0;0;0;0;0;0;0;0;0;0
"05/01/2026";"08:03:45";"602";"Com vítima";"119,000";"BR-040/RJ";"Crescente";"Colisão lateral no mesmo sentido";1;0;0;1;0;0;0;0;0;0;0;8;0;0;0
"05/01/2026";"08:35:52";"608";"Com vítima";"74,000";"BR-040/RJ";"Decrescente";"Capotamento";1;0;0;0;0;0;0;0;0;0;0;1;0;0;0
"05/01/2026";"09:17:22";"617";"Sem vítima";"93,900";"BR-040/RJ";"Crescente";"Choque";1;0;0;0;0;0;0;0;0;0;0;0;0;0;0
"05/01/2026";"09:20:19";"618";"Sem vítima";"90,000";"BR-040/RJ";"Decrescente";"Choque";1;0;0;0;0;0;0;0;0;0;0;0;0;0;0
"05/01/2026";"09:26:57";"619";"Sem vítima";"77,000";"BR-040/RJ";"Crescente";"Saída de pista";1;0;0;0;0;0;0;0;0;0;0;0;0;0;0
"05/01/2026";"09:57:13";"626";"Com vítima";"84,000";"BR-040/RJ";"Crescente";"Tombamento";1;0;0;0;0;0;0;0;0;0;0;10;0;0;0
"05/01/2026";"10:02:44";"628";"Sem vítima";"100,000";"BR-040/RJ";"Decrescente";"Choque";1;0;0;0;0;0;0;0;0;0;0;0;0;0;0
"05/01/2026";"10:06:18";"629";"Com vítima";"81,000";"BR-040/RJ";"Crescente";"Choque";1;0;0;0;0;0;0;0;0;0;0;8;0;0;0
"05/01/2026";"10:20:46";"632";"Com vítima";"91,000";"BR-040/RJ";"Decrescente";"Choque";0;0;0;1;0;0;0;0;0;0;0;4;0;0;0
"05/01/2026";"10:30:00";"634";"Sem vítima";"78,000";"BR-040/RJ";"Decrescente";"Choque";1;0;0;0;0;0;0;0;0;0;0;0;0;0;0
"05/01/2026";"11:02:22";"641";"Sem vítima";"3,000";"BR-040/RJ";"Crescente";"Colisão traseira";2;0;0;0;0;0;0;0;0;0;0;0;0;0;0
"05/01/2026";"13:19:43";"656";"Com vítima";"6,000";"BR-040/RJ";"Decrescente";"Capotamento";1;0;0;0;0;0;0;0;0;0;0;2;0;0;0
"05/01/2026";"13:41:32";"661";"Com vítima";"4,000";"BR-040/RJ";"Decrescente";"Capotamento";1;0;0;0;0;0;0;0;0;0;0;0;4;2;0
"05/01/2026";"15:18:01";"666";"Com vítima";"8,000";"BR-040/RJ";"Decrescente";"Choque";1;0;0;0;0;0;0;0;0;0;0;1;0;0;0
"05/01/2026";"16:06:42";"677";"Com vítima";"104,000";"BR-040/RJ";"Crescente";"Queda de moto";0;0;0;0;0;0;0;0;0;0;0;0;0;0;0
"05/01/2026";"18:43:17";"700";"Com vítima";"116,000";"BR-040/RJ";"Decrescente";"Colisão traseira";1;0;0;1;0;0;0;0;0;0;0;1;0;0;0
"07/01/2026";"06:54:00";"847";"Com vítima";"6,000";"BR-040/RJ";"Decrescente";"Choque";1;0;0;0;0;0;0;0;0;0;0;1;0;0;0
"07/01/2026";"07:04:35";"850";"Com vítima";"828,000";"BR-040/MG";"Crescente";"Choque";1;0;0;0;0;0;0;0;0;0;0;2;0;0;0
"07/01/2026";"07:21:00";"853";"Sem vítima";"786,000";"BR-040/MG";"Decrescente";"Choque";1;0;0;0;0;0;0;0;0;0;0;0;0;0;0
"07/01/2026";"10:23:35";"873";"Sem vítima";"86,000";"BR-040/RJ";"Crescente";"Choque";1;0;0;0;0;0;0;0;0;0;0;0;0;0;0
"07/01/2026";"10:59:53";"880";"Com vítima";"92,200";"BR-040/RJ";"Crescente";"Capotamento";1;0;0;0;0;0;0;0;0;0;0;1;0;0;0
"07/01/2026";"11:13:13";"881";"Sem vítima";"93,000";"BR-040/RJ";"Crescente";"Choque";1;0;0;0;0;0;0;0;0;0;0;0;0;0;0
"07/01/2026";"11:25:50";"882";"Sem vítima";"78,000";"BR-040/RJ";"Crescente";"Choque";1;0;0;0;0;0;0;0;0;0;0;0;0;0;0
"07/01/2026";"11:40:54";"884";"Sem vítima";"77,000";"BR-040/RJ";"Crescente";"Choque";1;0;0;0;0;0;0;0;0;0;0;0;0;0;0
"07/01/2026";"11:58:17";"890";"Sem vítima";"78,000";"BR-040/RJ";"Crescente";"Choque";1;0;0;0;0;0;0;0;0;0;0;0;0;0;0
"07/01/2026";"12:04:53";"892";"Sem vítima";"789,000";"BR-040/MG";"Decrescente";"Choque";1;0;0;0;0;0;0;0;0;0;0;0;0;0;0
"07/01/2026";"12:59:26";"899";"Sem vítima";"90,000";"BR-040/RJ";"Crescente";"Choque";1;0;0;0;0;0;0;0;0;0;0;0;0;0;0
"07/01/2026";"14:23:02";"910";"Com vítima";"31,000";"BR-040/RJ";"Crescente";"Choque";1;0;0;0;0;0;0;0;0;0;0;0;2;0;0
"07/01/2026";"14:36:39";"914";"Sem vítima";"122,000";"BR-040/RJ";"Crescente";"Colisão lateral no mesmo sentido";2;0;0;0;0;0;0;0;0;0;0;0;0;0;0
"07/01/2026";"14:38:01";"915";"Com vítima";"80,000";"BR-040/RJ";"Decrescente";"Capotamento";1;0;0;0;0;0;0;0;0;0;0;1;0;0;0
"07/01/2026";"14:49:44";"917";"Com vítima";"91,000";"BR-040/RJ";"Crescente";"Capotamento";1;0;0;0;0;0;0;0;0;0;0;1;0;0;0
"07/01/2026";"15:12:34";"919";"Com vítima";"96,300";"BR-040/RJ";"Crescente";"Choque";1;0;0;0;0;0;0;0;0;0;0;3;0;0;0
"07/01/2026";"16:41:37";"929";"Com vítima";"78,000";"BR-040/RJ";"Crescente";"Capotamento";1;0;0;0;0;0;0;0;0;0;0;3;1;0;0
"07/01/2026";"16:44:25";"931";"Sem vítima";"119,000";"BR-040/RJ";"Decrescente";"Colisão transversal";2;0;1;0;0;0;0;0;0;0;0;0;0;0;0
"07/01/2026";"16:50:50";"933";"Com vítima";"75,000";"BR-040/RJ";"Crescente";"Saída de pista";1;0;0;0;0;0;0;0;0;0;0;2;0;0;0
"07/01/2026";"16:52:03";"934";"Sem vítima";"90,000";"BR-040/RJ";"Decrescente";"Choque";1;0;0;0;0;0;0;0;0;0;0;0;0;0;0
"07/01/2026";"17:56:31";"942";"Com vítima";"123,000";"BR-040/RJ";"Decrescente";"Queda de moto";0;0;0;1;0;0;0;0;0;0;0;0;1;0;0
"07/01/2026";"18:22:00";"943";"Sem vítima";"75,000";"BR-040/RJ";"Crescente";"Choque";1;0;0;0;0;0;0;0;0;0;0;0;0;0;0
"07/01/2026";"18:38:22";"948";"Sem vítima";"82,000";"BR-040/RJ";"Crescente";"Choque";1;0;0;0;0;0;0;0;0;0;0;0;0;0;0
"07/01/2026";"19:38:59";"950";"Sem vítima";"118,000";"BR-040/RJ";"Crescente";"Choque";1;0;0;0;0;0;0;0;0;0;0;0;0;0;0
"07/01/2026";"22:00:18";"967";"Com vítima";"69,000";"BR-040/RJ";"Decrescente";"Colisão traseira";2;0;0;0;0;0;0;0;0;0;0;0;4;0;0
"08/01/2026";"02:20:53";"982";"Sem vítima";"113,000";"BR-040/RJ";"Decrescente";"Choque";1;0;0;0;0;0;0;0;0;0;0;0;0;0;0
"08/01/2026";"05:44:48";"986";"Com vítima";"808,000";"BR-040/MG";"Decrescente";"Colisão lateral no mesmo sentido";0;0;1;1;0;0;0;0;0;0;0;0;1;0;0
"08/01/2026";"10:39:56";"1022";"Sem vítima";"99,000";"BR-040/RJ";"Decrescente";"Colisão lateral no mesmo sentido";0;0;2;0;0;0;0;0;0;0;0;0;0;0;0
"08/01/2026";"11:07:53";"1029";"Com vítima";"85,000";"BR-040/RJ";"Decrescente";"Colisão lateral no mesmo sentido";1;0;1;0;0;0;0;0;0;0;0;8;0;0;0
"08/01/2026";"16:19:24";"1073";"Com vítima";"118,000";"BR-040/RJ";"Decrescente";"Queda de moto";0;0;0;1;0;0;0;0;0;0;0;1;0;0;0
"09/01/2026";"14:52:37";"1193";"Sem vítima";"122,000";"BR-040/RJ";"Decrescente";"Colisão lateral no mesmo sentido";1;0;1;0;0;0;0;0;0;0;0;0;0;0;0
"09/01/2026";"18:26:58";"1228";"Com vítima";"82,000";"BR-040/RJ";"Decrescente";"Colisão lateral no mesmo sentido";0;0;0;2;0;0;0;0;0;0;0;2;0;0;0
"10/01/2026";"01:21:54";"1267";"Sem vítima";"121,000";"BR-040/RJ";"Decrescente";"Colisão traseira";1;0;0;0;0;1;0;0;0;0;0;0;0;0;0
"10/01/2026";"06:52:41";"1280";"Sem vítima";"64,399";"BR-040/RJ";"Decrescente";"Choque";1;0;0;0;0;0;0;0;0;0;0;0;0;0;0
"10/01/2026";"10:59:30";"1305";"Com vítima";"122,000";"BR-040/RJ";"Decrescente";"Colisão lateral no mesmo sentido";1;0;1;0;0;0;0;0;0;0;2;1;0;0;0
"10/01/2026";"20:55:01";"1390";"Com vítima";"122,000";"BR-040/RJ";"Crescente";"Queda de moto";0;0;0;1;0;0;0;0;0;0;0;0;1;0;0
"10/01/2026";"21:58:11";"1395";"Sem vítima";"90,000";"BR-040/RJ";"Crescente";"Atropelamento de animal";1;0;0;0;0;0;0;0;0;0;0;0;0;0;0
"11/01/2026";"08:20:30";"1422";"Sem vítima";"113,000";"BR-040/RJ";"Crescente";"Choque";1;0;0;0;0;0;0;0;0;0;0;0;0;0;0
"11/01/2026";"12:55:45";"1461";"Com vítima";"79,000";"BR-040/RJ";"Decrescente";"Colisão traseira";1;0;0;1;0;0;0;0;0;0;0;3;0;0;0
"11/01/2026";"14:51:11";"1490";"Com vítima";"788,000";"BR-040/MG";"Crescente";"Capotamento";1;0;0;0;0;0;0;0;0;0;0;1;1;0;0
"11/01/2026";"17:26:57";"1512";"Sem vítima";"85,000";"BR-040/RJ";"Crescente";"Colisão lateral no mesmo sentido";1;0;0;0;0;0;0;0;0;0;0;0;0;0;0
"11/01/2026";"20:45:06";"1541";"Sem vítima";"122,000";"BR-040/RJ";"Crescente";"Colisão lateral no mesmo sentido";1;0;0;1;0;0;0;0;0;0;0;0;0;0;0
"11/01/2026";"23:11:11";"1557";"Com vítima";"113,000";"BR-040/RJ";"Crescente";"Colisão traseira";0;0;0;1;0;0;0;0;0;0;0;0;1;0;0
"11/01/2026";"23:57:18";"1558";"Sem vítima";"113,000";"BR-040/RJ";"Crescente";"Saída de pista";1;0;0;0;0;0;0;0;0;0;0;0;0;0;0
"12/01/2026";"00:14:00";"1561";"Com vítima";"110,000";"BR-040/RJ";"Decrescente";"Colisão traseira";1;0;0;1;0;0;0;0;0;0;0;2;0;0;0
"12/01/2026";"10:52:31";"1619";"Sem vítima";"111,000";"BR-040/RJ";"Crescente";"Colisão traseira";2;0;0;0;0;0;0;0;0;0;0;0;0;0;0
"12/01/2026";"12:18:24";"1633";"Com vítima";"115,000";"BR-040/RJ";"Decrescente";"Colisão traseira";2;0;0;0;0;0;0;0;0;0;0;3;0;0;0
"12/01/2026";"15:32:38";"1675";"Sem vítima";"91,000";"BR-040/RJ";"Crescente";"Tombamento";1;0;0;0;0;0;0;0;0;0;0;0;0;0;0
"12/01/2026";"16:22:22";"1684";"Sem vítima";"96,000";"BR-040/RJ";"Decrescente";"Queda de moto";0;0;0;1;0;0;0;0;0;0;0;0;0;0;0
"12/01/2026";"17:02:42";"1696";"Com vítima";"109,000";"BR-040/RJ";"Decrescente";"Colisão traseira";0;0;2;0;0;0;0;0;0;0;0;0;1;0;0
"12/01/2026";"17:49:53";"1702";"Sem vítima";"98,000";"BR-040/RJ";"Decrescente";"Choque";1;0;0;0;0;0;0;0;0;0;0;0;0;0;0
"13/01/2026";"06:25:28";"1758";"Com vítima";"59,000";"BR-040/RJ";"Crescente";"Saída de pista";0;0;1;0;0;0;0;0;0;0;0;1;0;0;0
"13/01/2026";"08:51:46";"1778";"Com vítima";"124,200";"BR-040/RJ";"Crescente";"Colisão lateral no mesmo sentido";2;0;1;0;0;0;0;0;0;0;1;2;0;0;0
"13/01/2026";"12:12:17";"1814";"Sem vítima";"93,000";"BR-040/RJ";"Crescente";"Choque";1;0;0;0;0;0;0;0;0;0;0;0;0;0;0
"13/01/2026";"13:32:08";"1823";"Sem vítima";"84,000";"BR-040/RJ";"Crescente";"Choque";1;0;0;0;0;0;0;0;0;0;0;0;0;0;0
"13/01/2026";"15:36:32";"1842";"Com vítima";"105,000";"BR-040/RJ";"Decrescente";"Queda de moto";0;0;0;1;0;0;0;0;0;0;0;2;0;0;0
"13/01/2026";"18:17:19";"1859";"Sem vítima";"6,000";"BR-040/RJ";"Decrescente";"Choque";1;0;0;0;0;0;0;0;0;0;0;0;0;0;0
"13/01/2026";"18:28:35";"1861";"Com vítima";"122,000";"BR-040/RJ";"Crescente";"Colisão traseira";1;0;0;0;1;0;0;0;0;0;0;2;0;0;0
"14/01/2026";"06:59:37";"1902";"Com vítima";"113,000";"BR-040/RJ";"Crescente";"Colisão traseira";0;0;0;2;0;0;0;0;0;0;0;2;0;0;0
"14/01/2026";"07:44:54";"1914";"Com vítima";"115,000";"BR-040/RJ";"Crescente";"Colisão lateral no mesmo sentido";1;0;0;1;0;0;0;0;0;0;0;1;0;0;0
"14/01/2026";"09:47:58";"1927";"Com vítima";"78,000";"BR-040/RJ";"Crescente";"Capotamento";1;0;0;0;0;0;0;0;0;0;0;2;0;0;0
"14/01/2026";"11:24:04";"1940";"Sem vítima";"11,000";"BR-040/RJ";"Decrescente";"Choque";1;0;0;0;0;0;0;0;0;0;0;0;0;0;0
"14/01/2026";"15:20:40";"1966";"Com vítima";"109,000";"BR-040/RJ";"Crescente";"Colisão lateral no mesmo sentido";1;0;0;0;1;0;0;0;0;0;0;2;0;0;0
"14/01/2026";"18:46:58";"1997";"Sem vítima";"81,000";"BR-040/RJ";"Crescente";"Choque";1;0;0;0;0;0;0;0;0;0;0;0;0;0;0
"14/01/2026";"20:49:02";"2012";"Com vítima";"52,000";"BR-040/RJ";"Crescente";"Saída de pista";1;0;0;0;0;0;0;0;0;0;0;0;1;0;0
"14/01/2026";"22:15:37";"2019";"Com vítima";"105,000";"BR-040/RJ";"Decrescente";"Colisão frontal";2;0;0;0;0;0;0;0;0;0;0;3;2;0;0
"15/01/2026";"04:44:52";"2033";"Sem vítima";"92,000";"BR-040/RJ";"Crescente";"Choque";0;0;1;0;0;0;0;0;0;0;1;0;0;0;0
"15/01/2026";"04:53:33";"2035";"Sem vítima";"82,000";"BR-040/RJ";"Crescente";"Saída de pista";0;0;1;0;0;0;0;0;0;0;1;0;0;0;0
"15/01/2026";"05:30:46";"2039";"Com vítima";"52,000";"BR-040/RJ";"Crescente";"Colisão traseira";0;0;2;0;0;0;0;0;0;0;3;0;1;0;0
"15/01/2026";"09:30:41";"2066";"Com vítima";"123,000";"BR-040/RJ";"Decrescente";"Engavetamento";2;0;1;0;0;0;0;0;0;0;3;5;0;0;0
"15/01/2026";"17:38:34";"2144";"Com vítima";"84,000";"BR-040/RJ";"Crescente";"Capotamento";1;0;0;0;0;0;0;0;0;0;0;1;0;0;0
"15/01/2026";"17:54:12";"2147";"Com vítima";"94,000";"BR-040/RJ";"Decrescente";"Colisão traseira";2;0;0;0;0;0;0;0;0;0;2;1;0;0;0
"15/01/2026";"18:00:14";"2165";"Com vítima";"94,000";"BR-040/RJ";"Decrescente";"Colisão traseira";1;0;0;0;0;0;0;0;0;0;0;1;0;0;0
"15/01/2026";"23:23:55";"2191";"Sem vítima";"56,000";"BR-040/RJ";"Decrescente";"Atropelamento de animal";0;0;0;0;1;0;0;0;0;0;0;0;0;0;0
"16/01/2026";"00:23:43";"2194";"Sem vítima";"82,000";"BR-040/RJ";"Decrescente";"Choque";1;0;0;0;0;0;0;0;0;0;0;0;0;0;0
"16/01/2026";"03:16:49";"2200";"Sem vítima";"104,000";"BR-040/RJ";"Decrescente";"Choque";1;0;0;0;0;0;0;0;0;0;1;0;0;0;0
"16/01/2026";"07:56:53";"2216";"Com vítima";"108,000";"BR-040/RJ";"Crescente";"Queda de moto";0;0;0;0;0;0;0;0;0;0;0;0;0;0;0
"16/01/2026";"10:58:08";"2245";"Sem vítima";"72,000";"BR-040/RJ";"Decrescente";"Colisão lateral no mesmo sentido";2;0;0;0;0;0;0;0;0;0;2;0;0;0;0
"16/01/2026";"18:15:02";"2314";"Sem vítima";"5,000";"BR-040/RJ";"Decrescente";"Choque";1;0;0;0;0;0;0;0;0;0;1;0;0;0;0
"17/01/2026";"05:15:07";"2353";"Sem vítima";"108,000";"BR-040/RJ";"Crescente";"Colisão traseira";1;0;0;0;0;0;0;0;0;0;1;0;0;0;0
"17/01/2026";"07:26:33";"2366";"Com vítima";"124,000";"BR-040/RJ";"Crescente";"Queda de moto";0;0;0;1;0;0;0;0;0;0;0;2;0;0;0
"17/01/2026";"07:29:54";"2367";"Sem vítima";"84,000";"BR-040/RJ";"Decrescente";"Colisão traseira";1;0;0;0;0;0;0;0;0;0;1;0;0;0;0
"17/01/2026";"13:44:37";"2417";"Sem vítima";"77,000";"BR-040/RJ";"Crescente";"Saída de pista";1;0;0;0;0;0;0;0;0;0;1;0;0;0;0
"17/01/2026";"15:21:13";"2427";"Com vítima";"113,000";"BR-040/RJ";"Crescente";"Queda de moto";0;0;0;1;0;0;0;0;0;0;0;2;0;0;0
"17/01/2026";"23:21:06";"2463";"Com vítima";"113,000";"BR-040/RJ";"Crescente";"Queda de moto";0;0;0;1;0;0;0;0;0;0;0;0;1;0;0
"17/01/2026";"23:44:07";"2464";"Sem vítima";"28,000";"BR-040/RJ";"Crescente";"Choque";0;0;1;0;0;0;0;0;0;0;1;0;0;0;0
"18/01/2026";"06:19:54";"2477";"Com vítima";"114,000";"BR-040/RJ";"Decrescente";"Colisão traseira";2;0;0;0;0;0;0;0;0;0;0;2;0;0;0
"18/01/2026";"06:46:32";"2479";"Com vítima";"109,000";"BR-040/RJ";"Decrescente";"Colisão traseira";1;0;0;1;0;0;0;0;0;0;0;1;1;0;0
"18/01/2026";"11:48:59";"2514";"Com vítima";"92,000";"BR-040/RJ";"Crescente";"Queda de moto";0;0;0;1;0;0;0;0;0;0;0;2;0;0;0
"18/01/2026";"12:40:51";"2519";"Sem vítima";"830,000";"BR-040/MG";"Decrescente";"Choque";1;0;0;0;0;0;0;0;0;0;1;0;0;0;0
"18/01/2026";"12:52:13";"2521";"Com vítima";"827,000";"BR-040/MG";"Decrescente";"Queda de moto";0;0;0;1;0;0;0;0;0;0;0;0;1;0;0
"18/01/2026";"13:20:07";"2529";"Com vítima";"791,000";"BR-040/MG";"Decrescente";"Choque";1;0;0;0;0;0;0;0;0;0;0;3;0;0;0
"18/01/2026";"13:57:47";"2535";"Com vítima";"93,000";"BR-040/RJ";"Decrescente";"Tombamento";1;0;0;0;0;0;0;0;0;0;0;3;0;0;0
"18/01/2026";"14:20:10";"2537";"Sem vítima";"4,000";"BR-040/RJ";"Decrescente";"Saída de pista";1;0;0;0;0;0;0;0;0;0;1;0;0;0;0
"18/01/2026";"14:47:19";"2540";"Sem vítima";"6,000";"BR-040/RJ";"Decrescente";"Choque";1;0;0;0;0;0;0;0;0;0;1;0;0;0;0
"18/01/2026";"15:10:57";"2542";"Sem vítima";"12,000";"BR-040/RJ";"Decrescente";"Choque";1;0;0;0;0;0;0;0;0;0;1;0;0;0;0
"19/01/2026";"07:26:48";"2610";"Com vítima";"48,000";"BR-040/RJ";"Decrescente";"Capotamento";1;0;0;0;0;0;0;0;0;0;0;1;0;0;0
"19/01/2026";"08:16:10";"2615";"Sem vítima";"124,000";"BR-040/RJ";"Crescente";"Colisão lateral no mesmo sentido";0;0;1;1;0;0;0;0;0;0;2;0;0;0;0
"19/01/2026";"08:49:58";"2620";"Com vítima";"108,000";"BR-040/RJ";"Decrescente";"Queda de moto";0;0;0;1;0;0;0;0;0;0;0;1;0;0;0
"19/01/2026";"10:39:18";"2635";"Com vítima";"86,000";"BR-040/RJ";"Crescente";"Tombamento";1;0;0;0;0;0;0;0;0;0;0;0;1;0;0
"19/01/2026";"14:39:20";"2658";"Com vítima";"4,000";"BR-040/RJ";"Decrescente";"Saída de pista";0;0;1;0;0;0;0;0;0;0;0;1;0;0;0
"19/01/2026";"14:59:43";"2661";"Sem vítima";"34,000";"BR-040/RJ";"Decrescente";"Choque";1;0;0;0;0;0;0;0;0;0;1;0;0;0;0
"19/01/2026";"15:07:34";"2662";"Com vítima";"52,000";"BR-040/RJ";"Decrescente";"Saída de pista";1;0;0;0;0;0;0;0;0;0;0;0;0;0;1
"19/01/2026";"16:02:55";"2669";"Com vítima";"808,000";"BR-040/MG";"Crescente";"Choque";1;0;0;0;0;0;0;0;0;0;0;1;0;0;0
"19/01/2026";"16:24:29";"2673";"Sem vítima";"91,000";"BR-040/RJ";"Decrescente";"Choque";1;0;0;0;0;0;0;0;0;0;1;0;0;0;0
"19/01/2026";"16:26:31";"2674";"Com vítima";"96,000";"BR-040/RJ";"Crescente";"Choque";1;0;0;0;0;0;0;0;0;0;0;4;0;0;0
"19/01/2026";"16:37:00";"2677";"Com vítima";"96,000";"BR-040/RJ";"Crescente";"Capotamento";1;0;0;0;0;0;0;0;0;0;0;1;0;0;0
"19/01/2026";"16:45:00";"2678";"Sem vítima";"94,000";"BR-040/RJ";"Crescente";"Choque";1;0;0;0;0;0;0;0;0;0;1;0;0;0;0
"19/01/2026";"17:18:39";"2682";"Sem vítima";"77,000";"BR-040/RJ";"Crescente";"Choque";1;0;0;0;0;0;0;0;0;0;1;0;0;0;0
"19/01/2026";"17:35:40";"2684";"Sem vítima";"91,000";"BR-040/RJ";"Decrescente";"Choque";1;0;0;0;0;0;0;0;0;0;1;0;0;0;0
"19/01/2026";"18:14:56";"2689";"Sem vítima";"115,000";"BR-040/RJ";"Crescente";"Colisão transversal";2;0;0;0;0;0;0;0;0;0;2;0;0;0;0
"19/01/2026";"18:20:23";"2690";"Sem vítima";"94,400";"BR-040/RJ";"Crescente";"Choque";1;0;0;0;0;0;0;0;0;0;1;0;0;0;0
"19/01/2026";"19:10:56";"2693";"Com vítima";"69,000";"BR-040/RJ";"Crescente";"Colisão traseira";1;0;1;0;0;0;0;0;0;0;0;3;0;0;0
"19/01/2026";"19:52:45";"2697";"Sem vítima";"101,100";"BR-040/RJ";"Decrescente";"Choque";1;0;0;0;0;0;0;0;0;0;1;0;0;0;0
"19/01/2026";"21:42:21";"2715";"Sem vítima";"125,000";"BR-040/RJ";"Decrescente";"Choque";1;0;0;0;0;0;0;0;0;0;1;0;0;0;0
"19/01/2026";"23:14:28";"2725";"Sem vítima";"112,000";"BR-040/RJ";"Crescente";"Colisão traseira";2;0;0;0;0;0;0;0;0;0;2;0;0;0;0
"20/01/2026";"01:52:00";"2741";"Sem vítima";"112,000";"BR-040/RJ";"Crescente";"Choque";1;0;0;0;0;0;0;0;0;0;1;0;0;0;0
"20/01/2026";"06:35:15";"2750";"Sem vítima";"34,000";"BR-040/RJ";"Crescente";"Choque";1;0;0;0;0;0;0;0;0;0;1;0;0;0;0
"20/01/2026";"08:09:49";"2765";"Sem vítima";"92,000";"BR-040/RJ";"Crescente";"Saída de pista";1;0;0;0;0;0;0;0;0;0;1;0;0;0;0
"20/01/2026";"08:27:17";"2769";"Sem vítima";"93,000";"BR-040/RJ";"Crescente";"Saída de pista";1;0;0;0;0;0;0;0;0;0;1;0;0;0;0
"20/01/2026";"08:33:43";"2770";"Sem vítima";"85,000";"BR-040/RJ";"Decrescente";"Choque";1;0;0;0;0;0;0;0;0;0;1;0;0;0;0
"20/01/2026";"08:49:18";"2772";"Com vítima";"92,000";"BR-040/RJ";"Crescente";"Queda de moto";0;0;0;1;0;0;0;0;0;0;1;1;0;0;0
"20/01/2026";"08:57:43";"2774";"Com vítima";"788,000";"BR-040/MG";"Decrescente";"Queda de moto";0;0;0;1;0;0;0;0;0;0;0;1;0;0;0
"20/01/2026";"09:01:52";"2775";"Sem vítima";"94,000";"BR-040/RJ";"Crescente";"Choque";1;0;0;0;0;0;0;0;0;0;1;0;0;0;0
"20/01/2026";"09:19:34";"2778";"Com vítima";"94,000";"BR-040/RJ";"Crescente";"Choque";1;0;0;0;0;0;0;0;0;0;0;2;0;0;0
"20/01/2026";"09:50:03";"2783";"Sem vítima";"93,000";"BR-040/RJ";"Crescente";"Capotamento";1;0;0;0;0;0;0;0;0;0;1;0;0;0;0
"20/01/2026";"12:08:11";"2793";"Com vítima";"5,000";"BR-040/RJ";"Crescente";"Choque";1;0;0;0;0;0;0;0;0;0;0;3;0;0;0
"20/01/2026";"12:23:51";"2795";"Com vítima";"4,000";"BR-040/RJ";"Decrescente";"Saída de pista";1;0;0;0;0;0;0;0;0;0;0;3;0;0;0
"20/01/2026";"12:47:28";"2799";"Sem vítima";"100,000";"BR-040/RJ";"Decrescente";"Choque";1;0;0;0;0;0;0;0;0;0;1;0;0;0;0
"20/01/2026";"13:00:38";"2801";"Sem vítima";"93,000";"BR-040/RJ";"Crescente";"Choque";1;0;0;0;0;0;0;0;0;0;1;0;0;0;0
"20/01/2026";"13:49:07";"2806";"Com vítima";"96,900";"BR-040/RJ";"Crescente";"Colisão traseira";1;0;0;0;0;0;0;0;0;0;0;4;0;0;0
"20/01/2026";"14:33:07";"2811";"Sem vítima";"100,000";"BR-040/RJ";"Crescente";"Choque";1;0;0;0;0;0;0;0;0;0;1;0;0;0;0
"20/01/2026";"14:40:45";"2813";"Com vítima";"90,000";"BR-040/RJ";"Decrescente";"Saída de pista";1;0;0;0;0;0;0;0;0;0;0;2;0;0;0