data;horario;n_da_ocorrencia;tipo_de_ocorrencia;km;trecho;sentido;tipo_de_acidente;automovel;bicicleta;caminhao;moto;onibus;outros;tracao_animal;transporte_de_cargas_especiais;trator_maquinas;utilitarios;ilesos;levemente_feridos;moderadamente_feridos;gravemente_feridos;mortos
"20/01/2026";"16:02:09";"2825";"Sem vítima";"82,000";"BR-040/RJ";"Crescente";"Choque";1;0;0;0;0;0;0;0;0;0;1;0;0;0;0
"20/01/2026";"16:12:20";"2826";"Sem vítima";"113,000";"BR-040/RJ";"Crescente";"Colisão traseira";1;0;0;1;0;0;0;0;0;0;2;0;0;0;0
"20/01/2026";"16:27:07";"2827";"Sem vítima";"23,000";"BR-040/RJ";"Decrescente";"Choque";1;0;0;0;0;0;0;0;0;0;1;0;0;0;0
"20/01/2026";"16:39:59";"2828";"Sem vítima";"93,000";"BR-040/RJ";"Crescente";"Choque";1;0;0;0;0;0;0;0;0;0;1;0;0;0;0
"21/01/2026";"05:56:04";"2869";"Sem vítima";"97,000";"BR-040/RJ";"Decrescente";"Choque";1;0;0;0;0;0;0;0;0;0;1;0;0;0;0
"21/01/2026";"06:09:39";"2870";"Com vítima";"93,000";"BR-040/RJ";"Crescente";"Choque";1;0;0;0;0;0;0;0;0;0;0;2;0;0;0
"21/01/2026";"06:34:12";"2875";"Sem vítima";"793,000";"BR-040/MG";"Crescente";"Choque";1;0;0;0;0;0;0;0;0;0;1;0;0;0;0
"21/01/2026";"06:38:48";"2874";"Com vítima";"92,000";"BR-040/RJ";"Crescente";"Choque";1;0;0;0;0;0;0;0;0;0;0;1;0;0;0
"21/01/2026";"07:49:37";"2880";"Sem vítima";"77,000";"BR-040/RJ";"Crescente";"Choque";1;0;0;0;0;0;0;0;0;0;1;0;0;0;0
"21/01/2026";"07:54:51";"2881";"Com vítima";"85,000";"BR-040/RJ";"Crescente";"Choque";1;0;1;0;0;0;0;0;0;0;0;5;0;0;0
"21/01/2026";"08:04:53";"2883";"Com vítima";"31,000";"BR-040/RJ";"Crescente";"Choque";1;0;0;0;0;0;0;0;0;0;0;0;1;0;0
"21/01/2026";"08:24:45";"2886";"Sem vítima";"81,000";"BR-040/RJ";"Crescente";"Choque";1;0;0;0;0;0;0;0;0;0;1;0;0;0;0
"21/01/2026";"08:35:21";"2890";"Sem vítima";"77,000";"BR-040/RJ";"Crescente";"Choque";1;0;0;0;0;0;0;0;0;0;1;0;0;0;0
"21/01/2026";"08:35:33";"2888";"Sem vítima";"31,000";"BR-040/RJ";"Crescente";"Choque";1;0;0;0;0;0;0;0;0;0;1;0;0;0;0
"21/01/2026";"09:06:07";"2892";"Com vítima";"78,000";"BR-040/RJ";"Crescente";"Capotamento";1;0;0;0;0;0;0;0;0;0;0;2;1;0;0
"21/01/2026";"10:06:17";"2900";"Sem vítima";"60,000";"BR-040/RJ";"Crescente";"Choque";1;0;0;0;0;0;0;0;0;0;1;0;0;0;0
"21/01/2026";"10:14:43";"2901";"Sem vítima";"124,200";"BR-040/RJ";"Crescente";"Colisão lateral no mesmo sentido";1;0;1;0;0;0;0;0;0;0;2;0;0;0;0
"21/01/2026";"10:15:48";"2908";"Sem vítima";"72,000";"BR-040/RJ";"Decrescente";"Choque";1;0;0;0;0;0;0;0;0;0;1;0;0;0;0
"21/01/2026";"10:29:07";"2902";"Sem vítima";"92,000";"BR-040/RJ";"Crescente";"Saída de pista";1;0;0;0;0;0;0;0;0;0;1;0;0;0;0
"21/01/2026";"10:40:15";"2911";"Sem vítima";"45,136";"BR-040/RJ";"Decrescente";"Colisão transversal";2;0;0;0;0;0;0;0;0;0;2;0;0;0;0
"21/01/2026";"10:43:54";"2907";"Com vítima";"92,000";"BR-040/RJ";"Crescente";"Choque";1;0;0;0;0;0;0;0;0;0;0;1;0;0;0
"21/01/2026";"11:24:13";"2914";"Com vítima";"94,000";"BR-040/RJ";"Crescente";"Choque";1;0;0;0;0;0;0;0;0;0;0;1;0;0;0
"21/01/2026";"11:38:07";"2919";"Sem vítima";"92,000";"BR-040/RJ";"Crescente";"Saída de pista";1;0;0;0;0;0;0;0;0;0;1;0;0;0;0
"21/01/2026";"11:45:55";"2920";"Sem vítima";"86,000";"BR-040/RJ";"Crescente";"Choque";1;0;0;0;0;0;0;0;0;0;1;0;0;0;0
"21/01/2026";"12:00:00";"2924";"Com vítima";"75,000";"BR-040/RJ";"Crescente";"Capotamento";1;0;0;0;0;0;0;0;0;0;0;3;0;0;0
"21/01/2026";"12:40:15";"2927";"Sem vítima";"52,000";"BR-040/RJ";"Decrescente";"Choque";1;0;0;0;0;0;0;0;0;0;1;0;0;0;0
"21/01/2026";"13:10:14";"2929";"Sem vítima";"30,000";"BR-040/RJ";"Decrescente";"Capotamento";1;0;0;0;0;0;0;0;0;0;1;0;0;0;0
"21/01/2026";"13:56:02";"2935";"Sem vítima";"86,000";"BR-040/RJ";"Crescente";"Choque";1;0;0;0;0;0;0;0;0;0;1;0;0;0;0
"21/01/2026";"14:28:14";"2938";"Com vítima";"36,000";"BR-040/RJ";"Decrescente";"Choque";1;0;0;0;0;0;0;0;0;0;0;0;1;0;0
"21/01/2026";"15:11:30";"2941";"Sem vítima";"82,000";"BR-040/RJ";"Crescente";"Choque";1;0;0;0;0;0;0;0;0;0;1;0;0;0;0
"21/01/2026";"15:41:16";"2945";"Sem vítima";"90,000";"BR-040/RJ";"Decrescente";"Choque";1;0;0;0;0;0;0;0;0;0;1;0;0;0;0
"21/01/2026";"15:41:53";"2946";"Sem vítima";"77,000";"BR-040/RJ";"Crescente";"Saída de pista";1;0;0;0;0;0;0;0;0;0;1;0;0;0;0
"21/01/2026";"15:45:07";"2954";"Com vítima";"27,000";"BR-040/RJ";"Crescente";"Capotamento";1;0;0;0;0;0;0;0;0;0;0;0;1;0;0
"21/01/2026";"15:50:28";"2948";"Com vítima";"18,000";"BR-040/RJ";"Crescente";"Choque";0;0;1;0;0;0;0;0;0;0;0;2;0;0;0
"21/01/2026";"16:09:56";"2952";"Com vítima";"30,000";"BR-040/RJ";"Decrescente";"Choque";1;0;0;0;0;0;0;0;0;0;0;0;3;0;0
"21/01/2026";"17:49:58";"2964";"Sem vítima";"94,000";"BR-040/RJ";"Crescente";"Choque";1;0;0;0;0;0;0;0;0;0;1;0;0;0;0
"21/01/2026";"18:19:19";"2969";"Sem vítima";"4,000";"BR-040/RJ";"Decrescente";"Choque";1;0;0;0;0;0;0;0;0;0;1;0;0;0;0
"21/01/2026";"19:01:05";"2971";"Sem vítima";"92,000";"BR-040/RJ";"Decrescente";"Choque";1;0;0;0;0;0;0;0;0;0;1;0;0;0;0
"21/01/2026";"20:48:34";"2981";"Sem vítima";"105,000";"BR-040/RJ";"Decrescente";"Colisão traseira";1;0;0;0;0;0;0;0;0;0;1;0;0;0;0
"21/01/2026";"23:14:15";"2989";"Sem vítima";"77,000";"BR-040/RJ";"Crescente";"Choque";1;0;0;0;0;0;0;0;0;0;1;0;0;0;0
"22/01/2026";"00:52:27";"2991";"Sem vítima";"77,000";"BR-040/RJ";"Crescente";"Choque";1;0;0;0;0;0;0;0;0;0;1;0;0;0;0
"22/01/2026";"06:44:31";"3005";"Com vítima";"4,000";"BR-040/RJ";"Crescente";"Choque";0;0;1;0;0;0;0;0;0;0;0;1;0;0;0
"22/01/2026";"07:00:32";"3007";"Sem vítima";"95,000";"BR-040/RJ";"Decrescente";"Saída de pista";0;0;1;0;0;0;0;0;0;0;1;0;0;0;0
"22/01/2026";"08:22:40";"3018";"Com vítima";"803,000";"BR-040/MG";"Decrescente";"Colisão traseira";2;0;0;0;0;0;0;0;0;0;0;2;0;0;0
"22/01/2026";"08:51:11";"3021";"Com vítima";"124,000";"BR-040/RJ";"Crescente";"Engavetamento";1;0;3;0;0;0;0;0;0;0;7;2;0;0;0
"22/01/2026";"09:23:01";"3023";"Sem vítima";"91,000";"BR-040/RJ";"Crescente";"Saída de pista";1;0;0;0;0;0;0;0;0;0;1;0;0;0;0
"22/01/2026";"09:31:40";"3025";"Com vítima";"77,000";"BR-040/RJ";"Crescente";"Choque";1;0;0;0;0;0;0;0;0;0;0;4;0;0;0
"22/01/2026";"10:31:59";"3033";"Com vítima";"84,000";"BR-040/RJ";"Crescente";"Choque";1;0;0;0;0;0;0;0;0;0;0;3;0;0;0
"22/01/2026";"10:31:59";"3037";"Com vítima";"84,000";"BR-040/RJ";"Crescente";"Choque";1;0;0;0;0;0;0;0;0;0;0;4;0;0;0
"22/01/2026";"11:06:20";"3035";"Sem vítima";"31,000";"BR-040/RJ";"Crescente";"Choque";1;0;0;0;0;0;0;0;0;0;1;0;0;0;0
"22/01/2026";"12:02:39";"3039";"Sem vítima";"94,000";"BR-040/RJ";"Crescente";"Choque";1;0;0;0;0;0;0;0;0;0;1;0;0;0;0
"22/01/2026";"12:51:32";"3042";"Sem vítima";"93,900";"BR-040/RJ";"Crescente";"Choque";1;0;0;0;0;0;0;0;0;0;1;0;0;0;0
"22/01/2026";"12:57:52";"3043";"Sem vítima";"124,000";"BR-040/RJ";"Decrescente";"Colisão traseira";1;0;1;0;0;0;0;0;0;0;2;0;0;0;0
"22/01/2026";"13:21:22";"3046";"Sem vítima";"82,000";"BR-040/RJ";"Crescente";"Choque";1;0;0;0;0;0;0;0;0;0;1;0;0;0;0
"22/01/2026";"13:23:37";"3048";"Sem vítima";"119,000";"BR-040/RJ";"Decrescente";"Choque";1;0;0;0;0;0;0;0;0;0;1;0;0;0;0
"22/01/2026";"13:58:36";"3049";"Sem vítima";"94,000";"BR-040/RJ";"Crescente";"Choque";1;0;0;0;0;0;0;0;0;0;1;0;0;0;0
"22/01/2026";"14:38:49";"3054";"Sem vítima";"92,000";"BR-040/RJ";"Crescente";"Choque";1;0;0;0;0;0;0;0;0;0;1;0;0;0;0
"22/01/2026";"14:41:58";"3055";"Com vítima";"97,000";"BR-040/RJ";"Decrescente";"Choque";1;0;0;0;0;0;0;0;0;0;0;2;0;0;0
"22/01/2026";"14:44:13";"3057";"Sem vítima";"93,300";"BR-040/RJ";"Crescente";"Choque";1;0;0;0;0;0;0;0;0;0;1;0;0;0;0
"22/01/2026";"14:44:43";"3058";"Com vítima";"97,000";"BR-040/RJ";"Decrescente";"Choque";1;0;0;0;0;0;0;0;0;0;0;1;0;0;0
"22/01/2026";"15:04:00";"3060";"Com vítima";"108,000";"BR-040/RJ";"Decrescente";"Queda de moto";0;0;0;1;0;0;0;0;0;0;0;1;0;0;0
"22/01/2026";"15:48:05";"3069";"Sem vítima";"92,000";"BR-040/RJ";"Crescente";"Choque";1;0;0;0;0;0;0;0;0;0;1;0;0;0;0
"22/01/2026";"17:32:27";"3075";"Sem vítima";"34,000";"BR-040/RJ";"Crescente";"Choque";1;0;0;0;0;0;0;0;0;0;1;0;0;0;0
"22/01/2026";"17:42:04";"3077";"Sem vítima";"90,000";"BR-040/RJ";"Crescente";"Choque";1;0;0;0;0;0;0;0;0;0;1;0;0;0;0
"22/01/2026";"17:50:12";"3080";"Sem vítima";"84,000";"BR-040/RJ";"Crescente";"Choque";1;0;0;0;0;0;0;0;0;0;1;0;0;0;0
"22/01/2026";"18:34:58";"3082";"Sem vítima";"118,000";"BR-040/RJ";"Decrescente";"Queda de moto";0;0;0;1;0;0;0;0;0;0;1;0;0;0;0
"22/01/2026";"18:37:17";"3083";"Sem vítima";"72,600";"BR-040/RJ";"Decrescente";"Choque";1;0;0;0;0;0;0;0;0;0;1;0;0;0;0
"23/01/2026";"06:23:41";"3117";"Sem vítima";"93,000";"BR-040/RJ";"Crescente";"Choque";1;0;0;0;0;0;0;0;0;0;1;0;0;0;0
"23/01/2026";"08:46:39";"3134";"Sem vítima";"67,000";"BR-040/RJ";"Decrescente";"Choque";1;0;0;0;0;0;0;0;0;0;1;0;0;0;0
"23/01/2026";"08:58:51";"3137";"Sem vítima";"94,000";"BR-040/RJ";"Crescente";"Choque";1;0;0;0;0;0;0;0;0;0;1;0;0;0;0
"23/01/2026";"09:21:40";"3140";"Sem vítima";"90,400";"BR-040/RJ";"Decrescente";"Choque";1;0;0;0;0;0;0;0;0;0;1;0;0;0;0
"23/01/2026";"10:35:38";"3153";"Com vítima";"92,000";"BR-040/RJ";"Crescente";"Choque";1;0;0;0;0;0;0;0;0;0;0;1;0;0;0
"23/01/2026";"10:47:54";"3156";"Sem vítima";"83,000";"BR-040/RJ";"Decrescente";"Choque";1;0;0;0;0;0;0;0;0;0;1;0;0;0;0
"23/01/2026";"10:49:09";"3157";"Sem vítima";"75,000";"BR-040/RJ";"Crescente";"Choque";1;0;0;0;0;0;0;0;0;0;1;0;0;0;0
"23/01/2026";"11:10:46";"3161";"Sem vítima";"115,000";"BR-040/RJ";"Crescente";"Queda de moto";0;0;0;1;0;0;0;0;0;0;1;0;0;0;0
"23/01/2026";"12:18:24";"3171";"Sem vítima";"76,000";"BR-040/RJ";"Crescente";"Queda de moto";0;0;0;1;0;0;0;0;0;0;1;0;0;0;0
"23/01/2026";"12:34:08";"3173";"Com vítima";"44,000";"BR-040/RJ";"Crescente";"Tombamento";0;0;1;0;0;0;0;0;0;0;0;3;0;0;0
"23/01/2026";"12:49:26";"3177";"Com vítima";"78,000";"BR-040/RJ";"Crescente";"Queda de moto";1;0;0;0;0;0;0;0;0;0;0;2;0;0;0
"23/01/2026";"13:35:35";"3183";"Sem vítima";"96,000";"BR-040/RJ";"Crescente";"Choque";0;0;1;0;0;0;0;0;0;0;1;0;0;0;0
"23/01/2026";"15:10:12";"3197";"Sem vítima";"4,000";"BR-040/RJ";"Decrescente";"Choque";1;0;0;0;0;0;0;0;0;0;1;0;0;0;0
"23/01/2026";"15:43:09";"3201";"Com vítima";"824,000";"BR-040/MG";"Decrescente";"Colisão traseira";2;0;0;0;0;0;0;0;0;0;0;2;1;0;0
"23/01/2026";"16:32:23";"3208";"Sem vítima";"82,000";"BR-040/RJ";"Crescente";"Choque";1;0;0;0;0;0;0;0;0;0;1;0;0;0;0
"23/01/2026";"17:11:38";"3214";"Com vítima";"4,000";"BR-040/RJ";"Decrescente";"Capotamento";1;0;0;0;0;0;0;0;0;0;0;1;0;0;0
"23/01/2026";"17:13:31";"3215";"Sem vítima";"114,000";"BR-040/RJ";"Decrescente";"Colisão traseira";1;0;0;0;1;0;0;0;0;0;2;0;0;0;0
"23/01/2026";"17:26:33";"3216";"Sem vítima";"84,000";"BR-040/RJ";"Crescente";"Choque";1;0;0;0;0;0;0;0;0;0;1;0;0;0;0
"23/01/2026";"18:11:13";"3224";"Sem vítima";"60,000";"BR-040/RJ";"Crescente";"Choque";1;0;0;0;0;0;0;0;0;0;1;0;0;0;0
"23/01/2026";"18:25:13";"3225";"Sem vítima";"78,000";"BR-040/RJ";"Crescente";"Choque";1;0;0;0;0;0;0;0;0;0;1;0;0;0;0
"23/01/2026";"18:35:50";"3228";"Sem vítima";"91,000";"BR-040/RJ";"Crescente";"Choque";1;0;0;0;0;0;0;0;0;0;1;0;0;0;0
"23/01/2026";"18:37:15";"3229";"Sem vítima";"43,000";"BR-040/RJ";"Crescente";"Queda de moto";0;0;0;1;0;0;0;0;0;0;1;0;0;0;0
"23/01/2026";"18:53:47";"3232";"Sem vítima";"93,000";"BR-040/RJ";"Crescente";"Choque";1;0;0;0;0;0;0;0;0;0;1;0;0;0;0
"23/01/2026";"20:17:47";"3241";"Com vítima";"108,000";"BR-040/RJ";"Crescente";"Colisão traseira";0;0;1;1;0;0;0;0;0;0;0;1;1;0;0
"24/01/2026";"05:40:00";"3275";"Sem vítima";"75,000";"BR-040/RJ";"Decrescente";"Choque";1;0;0;0;0;0;0;0;0;0;1;0;0;0;0
"24/01/2026";"07:15:10";"3287";"Sem vítima";"77,000";"BR-040/RJ";"Crescente";"Choque";1;0;0;0;0;0;0;0;0;0;1;0;0;0;0
"24/01/2026";"08:21:57";"3293";"Sem vítima";"43,000";"BR-040/RJ";"Decrescente";"Choque";1;0;0;0;0;0;0;0;0;0;1;0;0;0;0
"24/01/2026";"08:58:45";"3298";"Com vítima";"828,000";"BR-040/MG";"Crescente";"Choque";1;0;0;0;0;0;0;0;0;0;0;1;0;0;0
"24/01/2026";"09:29:32";"3300";"Com vítima";"34,000";"BR-040/RJ";"Decrescente";"Capotamento";1;0;0;0;0;0;0;0;0;0;0;1;0;0;0
"24/01/2026";"09:36:51";"3303";"Sem vítima";"119,000";"BR-040/RJ";"Crescente";"Choque";1;0;0;0;0;0;0;0;0;0;1;0;0;0;0
"24/01/2026";"09:47:05";"3305";"Sem vítima";"85,000";"BR-040/RJ";"Crescente";"Choque";1;0;0;0;0;0;0;0;0;0;1;0;0;0;0
"24/01/2026";"10:13:37";"3308";"Sem vítima";"75,000";"BR-040/RJ";"Crescente";"Choque";1;0;0;0;0;0;0;0;0;0;1;0;0;0;0
"24/01/2026";"10:17:47";"3309";"Sem vítima";"43,000";"BR-040/RJ";"Decrescente";"Choque";1;0;0;0;0;0;0;0;0;0;1;0;0;0;0
"24/01/2026";"13:39:42";"3331";"Sem vítima";"91,000";"BR-040/RJ";"Crescente";"Choque";1;0;0;0;0;0;0;0;0;0;1;0;0;0;0
"24/01/2026";"15:14:09";"3336";"Com vítima";"82,000";"BR-040/RJ";"Decrescente";"Queda de moto";0;0;0;1;0;0;0;0;0;0;0;1;0;0;0
"24/01/2026";"15:22:14";"3340";"Sem vítima";"94,000";"BR-040/RJ";"Crescente";"Choque";1;0;0;0;0;0;0;0;0;0;1;0;0;0;0
"24/01/2026";"15:22:43";"3347";"Sem vítima";"94,000";"BR-040/RJ";"Crescente";"Choque";1;0;0;0;0;0;0;0;0;0;1;0;0;0;0
"24/01/2026";"16:00:50";"3345";"Sem vítima";"91,000";"BR-040/RJ";"Crescente";"Saída de pista";1;0;0;0;0;0;0;0;0;0;1;0;0;0;0
"24/01/2026";"16:36:22";"3351";"Sem vítima";"91,000";"BR-040/RJ";"Crescente";"Saída de pista";1;0;0;0;0;0;0;0;0;0;1;0;0;0;0
"24/01/2026";"19:45:44";"3367";"Com vítima";"120,000";"BR-040/RJ";"Decrescente";"Queda de moto";0;0;0;1;0;0;0;0;0;0;0;2;0;0;0
"24/01/2026";"20:31:33";"3373";"Sem vítima";"79,000";"BR-040/RJ";"Crescente";"Choque";1;0;0;0;0;0;0;0;0;0;1;0;0;0;0
"24/01/2026";"23:04:42";"3381";"Sem vítima";"93,000";"BR-040/RJ";"Crescente";"Saída de pista";1;0;0;0;0;0;0;0;0;0;1;0;0;0;0
"24/01/2026";"23:52:00";"3385";"Sem vítima";"108,000";"BR-040/RJ";"Decrescente";"Choque";1;0;0;0;0;0;0;0;0;0;1;0;0;0;0
"25/01/2026";"10:04:39";"3423";"Sem vítima";"84,000";"BR-040/RJ";"Decrescente";"Choque";1;0;0;0;0;0;0;0;0;0;1;0;0;0;0
"25/01/2026";"14:59:01";"3454";"Com vítima";"826,000";"BR-040/MG";"Crescente";"Choque";1;0;0;0;0;0;0;0;0;0;0;5;0;0;0
"25/01/2026";"15:30:46";"3458";"Com vítima";"2,000";"BR-040/RJ";"Decrescente";"Choque";1;0;0;0;0;0;0;0;0;0;0;1;0;0;0
"25/01/2026";"15:46:07";"3460";"Com vítima";"93,000";"BR-040/RJ";"Crescente";"Choque";1;0;0;0;0;0;0;0;0;0;0;1;0;0;0
"25/01/2026";"16:24:51";"3465";"Com vítima";"96,000";"BR-040/RJ";"Crescente";"Capotamento";1;0;0;0;0;0;0;0;0;0;0;2;0;0;0
"25/01/2026";"16:36:43";"3467";"Sem vítima";"69,000";"BR-040/RJ";"Decrescente";"Choque";1;0;0;0;0;0;0;0;0;0;1;0;0;0;0
"25/01/2026";"17:30:49";"3475";"Sem vítima";"76,000";"BR-040/RJ";"Crescente";"Choque";1;0;0;0;0;0;0;0;0;0;1;0;0;0;0
"25/01/2026";"18:27:35";"3480";"Sem vítima";"53,705";"BR-040/RJ";"Crescente";"Choque";1;0;0;0;0;0;0;0;0;0;1;0;0;0;0
"25/01/2026";"18:40:32";"3483";"Sem vítima";"94,000";"BR-040/RJ";"Crescente";"Choque";1;0;0;0;0;0;0;0;0;0;1;0;0;0;0
"25/01/2026";"20:47:37";"3498";"Sem vítima";"117,000";"BR-040/RJ";"Crescente";"Colisão traseira";1;0;0;1;0;0;0;0;0;0;2;0;0;0;0
"26/01/2026";"08:59:59";"3561";"Sem vítima";"115,000";"BR-040/RJ";"Crescente";"Colisão lateral no mesmo sentido";1;0;0;1;0;0;0;0;0;0;2;0;0;0;0
"26/01/2026";"14:15:33";"3603";"Com vítima";"21,000";"BR-040/RJ";"Decrescente";"Tombamento";0;0;1;0;0;0;0;0;0;0;0;1;0;0;0
"26/01/2026";"16:45:13";"3623";"Com vítima";"73,000";"BR-040/RJ";"Crescente";"Colisão transversal";1;0;0;1;0;0;0;0;0;0;0;2;1;0;0
"26/01/2026";"19:12:01";"3640";"Com vítima";"116,000";"BR-040/RJ";"Decrescente";"Queda de moto";0;0;0;1;0;0;0;0;0;0;0;1;1;0;0
"26/01/2026";"23:42:45";"3665";"Com vítima";"829,000";"BR-040/MG";"Decrescente";"Queda de moto";0;0;0;1;0;0;0;0;0;0;0;1;0;0;0
"27/01/2026";"08:41:39";"3689";"Sem vítima";"125,000";"BR-040/RJ";"Decrescente";"Queda de moto";0;0;0;1;0;0;0;0;0;0;1;0;0;0;0
"27/01/2026";"08:53:23";"3691";"Com vítima";"125,000";"BR-040/RJ";"Crescente";"Queda de moto";0;0;0;1;0;0;0;0;0;0;0;1;0;0;0
"27/01/2026";"14:43:48";"3736";"Sem vítima";"91,000";"BR-040/RJ";"Decrescente";"Choque";1;0;0;0;0;0;0;0;0;0;1;0;0;0;0
"27/01/2026";"15:17:50";"3740";"Sem vítima";"93,000";"BR-040/RJ";"Crescente";"Capotamento";1;0;0;0;0;0;0;0;0;0;1;0;0;0;0
"27/01/2026";"19:33:35";"3773";"Sem vítima";"77,000";"BR-040/RJ";"Crescente";"Choque";1;0;0;0;0;0;0;0;0;0;1;0;0;0;0
"27/01/2026";"19:44:55";"3775";"Sem vítima";"72,000";"BR-040/RJ";"Decrescente";"Choque";1;0;0;0;0;0;0;0;0;0;1;0;0;0;0
"27/01/2026";"21:01:42";"3781";"Com vítima";"108,000";"BR-040/RJ";"Decrescente";"Queda de moto";0;0;0;1;0;0;0;0;0;0;0;1;1;0;0
"28/01/2026";"04:40:16";"3807";"Com vítima";"120,000";"BR-040/RJ";"Crescente";"Choque";2;0;0;0;0;0;0;0;0;0;1;1;0;0;0
"28/01/2026";"11:40:19";"3865";"Com vítima";"104,000";"BR-040/RJ";"Crescente";"Engavetamento";3;0;0;0;0;0;0;0;0;0;0;4;2;0;0
"28/01/2026";"20:48:36";"3940";"Com vítima";"120,000";"BR-040/RJ";"Decrescente";"Queda de moto";0;0;0;1;0;0;0;0;0;0;0;2;0;0;0
"29/01/2026";"03:09:59";"3963";"Com vítima";"111,000";"BR-040/RJ";"Crescente";"Saída de pista";0;0;1;0;0;0;0;0;0;0;0;2;0;0;0
"29/01/2026";"06:53:57";"3976";"Sem vítima";"120,000";"BR-040/RJ";"Crescente";"Atropelamento de animal";1;0;0;0;0;0;0;0;0;0;1;0;0;0;0
"29/01/2026";"08:04:40";"3991";"Com vítima";"120,000";"BR-040/RJ";"Crescente";"Queda de moto";0;0;0;1;0;0;0;0;0;0;0;1;0;0;0
"29/01/2026";"12:30:56";"4044";"Sem vítima";"781,000";"BR-040/MG";"Decrescente";"Choque";1;0;0;0;0;0;0;0;0;0;1;0;0;0;0
"29/01/2026";"13:27:27";"4053";"Sem vítima";"105,000";"BR-040/RJ";"Decrescente";"Colisão traseira";2;0;0;0;0;0;0;0;0;0;2;0;0;0;0
"29/01/2026";"15:28:06";"4071";"Sem vítima";"122,000";"BR-040/RJ";"Decrescente";"Colisão lateral no mesmo sentido";1;0;1;0;0;0;0;0;0;0;2;0;0;0;0
"29/01/2026";"19:09:29";"4103";"Sem vítima";"119,000";"BR-040/RJ";"Decrescente";"Colisão traseira";2;0;0;0;0;0;0;0;0;0;2;0;0;0;0
"29/01/2026";"19:29:21";"4105";"Sem vítima";"87,000";"BR-040/RJ";"Crescente";"Choque";1;0;0;0;0;0;0;0;0;0;1;0;0;0;0
"29/01/2026";"22:20:58";"4119";"Com vítima";"121,000";"BR-040/RJ";"Decrescente";"Queda de moto";0;0;0;1;0;0;0;0;0;0;0;1;1;0;0
"30/01/2026";"07:01:22";"4145";"Com vítima";"791,000";"BR-040/MG";"Decrescente";"Tombamento";0;0;1;0;0;0;0;0;0;0;0;0;1;0;0
"30/01/2026";"11:50:23";"4194";"Sem vítima";"94,000";"BR-040/RJ";"Decrescente";"Choque";1;0;0;0;0;0;0;0;0;0;1;0;0;0;0
"30/01/2026";"12:17:47";"4196";"Sem vítima";"90,000";"BR-040/RJ";"Decrescente";"Choque";1;0;0;0;0;0;0;0;0;0;1;0;0;0;0
"30/01/2026";"12:38:35";"4202";"Com vítima";"117,000";"BR-040/RJ";"Decrescente";"Colisão lateral no mesmo sentido";1;0;0;1;0;0;0;0;0;0;0;5;0;0;0
"30/01/2026";"17:22:06";"4242";"Sem vítima";"122,000";"BR-040/RJ";"Decrescente";"Colisão lateral no mesmo sentido";1;0;1;0;0;0;0;0;0;0;2;0;0;0;0
"30/01/2026";"18:17:44";"4250";"Com vítima";"81,000";"BR-040/RJ";"Crescente";"Colisão lateral no mesmo sentido";0;0;1;0;1;0;0;0;0;0;0;3;1;0;0
"30/01/2026";"18:23:05";"4251";"Sem vítima";"91,000";"BR-040/RJ";"Decrescente";"Capotamento";1;0;0;0;0;0;0;0;0;0;1;0;0;0;0
"30/01/2026";"18:50:25";"4258";"Sem vítima";"91,000";"BR-040/RJ";"Decrescente";"Choque";1;0;0;0;0;0;0;0;0;0;1;0;0;0;0
"30/01/2026";"18:54:40";"4257";"Com vítima";"105,000";"BR-040/RJ";"Decrescente";"Colisão transversal";0;1;0;1;0;0;0;0;0;0;0;1;0;0;0